{
  "eps": 0.05,
  "time_expgrad_all": [
    11.250877,
    11.239425,
    11.271154,
    11.251731,
    11.249413,
    11.269884,
    11.249584,
    11.242073,
    11.491699,
    11.476585
  ],
  "train_error_expgrad_all": [
    0.10823783949449482,
    0.10823783949449482,
    0.10823783949449482,
    0.10823783949449482,
    0.10823783949449482,
    0.10823783949449482,
    0.10823783949449482,
    0.10823783949449482,
    0.10823783949449482,
    0.10823783949449482
  ],
  "train_vio_expgrad_all": [
    0.05000000000002919,
    0.05000000000002919,
    0.05000000000002919,
    0.05000000000002919,
    0.05000000000002919,
    0.05000000000002919,
    0.05000000000002919,
    0.05000000000002919,
    0.05000000000002919,
    0.05000000000002919
  ],
  "test_error_expgrad_all": [
    0.1034265487822043,
    0.1034265487822043,
    0.1034265487822043,
    0.1034265487822043,
    0.1034265487822043,
    0.1034265487822043,
    0.1034265487822043,
    0.1034265487822043,
    0.1034265487822043,
    0.1034265487822043
  ],
  "test_vio_expgrad_all": [
    0.05947782236096827,
    0.05947782236096827,
    0.05947782236096827,
    0.05947782236096827,
    0.05947782236096827,
    0.05947782236096827,
    0.05947782236096827,
    0.05947782236096827,
    0.05947782236096827,
    0.05947782236096827
  ]
}