{
  "time_unmitigated": [
    0.017046
  ],
  "train_error_unmitigated": [
    0.04214285714285714
  ],
  "train_vio_unmitigated": [
    0.14402500512400085
  ],
  "test_error_unmitigated": [
    0.043333333333333335
  ],
  "test_vio_unmitigated": [
    0.14670469201690017
  ]
}