{
  "time_unmitigated": [
    0.042539
  ],
  "train_error_unmitigated": [
    0.1586960336960337
  ],
  "train_vio_unmitigated": [
    0.12566300648737924
  ],
  "test_error_unmitigated": [
    0.16081482239737946
  ],
  "test_vio_unmitigated": [
    0.12345628742923864
  ]
}