{
  "time_unmitigated": [
    0.156658
  ],
  "train_error_unmitigated": [
    0.02277142857142857
  ],
  "train_vio_unmitigated": [
    0.14428629495593864
  ],
  "test_error_unmitigated": [
    0.021733333333333334
  ],
  "test_vio_unmitigated": [
    0.14780563663140983
  ]
}