{
  "time_unmitigated": [
    2.793319
  ],
  "train_error_unmitigated": [
    0.011754285714285714
  ],
  "train_vio_unmitigated": [
    0.14775775492696763
  ],
  "test_error_unmitigated": [
    0.012083333333333333
  ],
  "test_vio_unmitigated": [
    0.14668005720686483
  ]
}