{
  "eps": 0.05,
  "time_expgrad_all": [
    60.115137,
    60.264698,
    60.361938,
    60.595998,
    60.656143,
    60.609407,
    60.759494,
    60.654177,
    60.575184,
    60.335794
  ],
  "error_expgrad_all": [
    0.17527676960070177,
    0.17527676960070177,
    0.17527676960070177,
    0.17527676960070177,
    0.17527676960070177,
    0.17527676960070177,
    0.17527676960070177,
    0.17527676960070177,
    0.17527676960070177,
    0.17527676960070177
  ],
  "vio_expgrad_all": [
    0.010000000000000675,
    0.010000000000000675,
    0.010000000000000675,
    0.010000000000000675,
    0.010000000000000675,
    0.010000000000000675,
    0.010000000000000675,
    0.010000000000000675,
    0.010000000000000675,
    0.010000000000000675
  ]
}