{
  "time_unmitigated": [
    0.633255
  ],
  "error_unmitigated": [
    0.15880961886919934
  ],
  "vio_unmitigated": [
    0.15880961886919934
  ]
}