{
  "eps": 0.05,
  "time_expgrad_all": [
    61.937673,
    62.059389,
    62.155177,
    62.121725,
    62.110566,
    62.063863,
    61.980805,
    62.052127,
    62.362369,
    62.111858
  ],
  "error_expgrad_all": [
    0.16600790398944396,
    0.16600790398944396,
    0.16600790398944396,
    0.16600790398944396,
    0.16600790398944396,
    0.16600790398944396,
    0.16600790398944396,
    0.16600790398944396,
    0.16600790398944396,
    0.16600790398944396
  ],
  "vio_expgrad_all": [
    0.05000000000000053,
    0.05000000000000053,
    0.05000000000000053,
    0.05000000000000053,
    0.05000000000000053,
    0.05000000000000053,
    0.05000000000000053,
    0.05000000000000053,
    0.05000000000000053,
    0.05000000000000053
  ]
}