{
  "eps": 0.05,
  "time_expgrad_all": [
    61.156082
  ],
  "error_expgrad_all": [
    0.16600790398944396
  ],
  "vio_expgrad_all": [
    0.05000000000000053
  ]
}