{
  "eps": 0.05,
  "time_expgrad_all": [
    45.238288,
    45.386314,
    45.413421,
    45.449216,
    45.430419,
    45.409822,
    45.313865,
    45.387899,
    45.421702,
    45.410565
  ],
  "train_error_expgrad_all": [
    0.1664059149990184,
    0.1664059149990184,
    0.1664059149990184,
    0.1664059149990184,
    0.1664059149990184,
    0.1664059149990184,
    0.1664059149990184,
    0.1664059149990184,
    0.1664059149990184,
    0.1664059149990184
  ],
  "train_vio_expgrad_all": [
    0.04999999999999817,
    0.04999999999999817,
    0.04999999999999817,
    0.04999999999999817,
    0.04999999999999817,
    0.04999999999999817,
    0.04999999999999817,
    0.04999999999999817,
    0.04999999999999817,
    0.04999999999999817
  ],
  "test_error_expgrad_all": [
    0.1649006833316949,
    0.1649006833316949,
    0.1649006833316949,
    0.1649006833316949,
    0.1649006833316949,
    0.1649006833316949,
    0.1649006833316949,
    0.1649006833316949,
    0.1649006833316949,
    0.1649006833316949
  ],
  "test_vio_expgrad_all": [
    0.047928542375945335,
    0.047928542375945335,
    0.047928542375945335,
    0.047928542375945335,
    0.047928542375945335,
    0.047928542375945335,
    0.047928542375945335,
    0.047928542375945335,
    0.047928542375945335,
    0.047928542375945335
  ]
}