{
  "eps": 0.05,
  "time_expgrad_all": [
    46.062963,
    46.023394,
    46.064666,
    46.136908,
    45.994372,
    46.02813,
    46.071249,
    45.816143,
    45.873404,
    45.891939
  ],
  "train_error_expgrad_all": [
    0.17704171322528683,
    0.17704171322528683,
    0.17704171322528683,
    0.17704171322528683,
    0.17704171322528683,
    0.17704171322528683,
    0.17704171322528683,
    0.17704171322528683,
    0.17704171322528683,
    0.17704171322528683
  ],
  "train_vio_expgrad_all": [
    0.009999999999999482,
    0.009999999999999482,
    0.009999999999999482,
    0.009999999999999482,
    0.009999999999999482,
    0.009999999999999482,
    0.009999999999999482,
    0.009999999999999482,
    0.009999999999999482,
    0.009999999999999482
  ],
  "test_error_expgrad_all": [
    0.17735226502327095,
    0.17735226502327095,
    0.17735226502327095,
    0.17735226502327095,
    0.17735226502327095,
    0.17735226502327095,
    0.17735226502327095,
    0.17735226502327095,
    0.17735226502327095,
    0.17735226502327095
  ],
  "test_vio_expgrad_all": [
    0.005201813351048856,
    0.005201813351048856,
    0.005201813351048856,
    0.005201813351048856,
    0.005201813351048856,
    0.005201813351048856,
    0.005201813351048856,
    0.005201813351048856,
    0.005201813351048856,
    0.005201813351048856
  ]
}