{
  "eps": 0.05,
  "time_expgrad_all": [
    45.83362
  ],
  "train_error_expgrad_all": [
    0.1664059149990184
  ],
  "train_vio_expgrad_all": [
    0.04999999999999817
  ],
  "test_error_expgrad_all": [
    0.1649006833316949
  ],
  "test_vio_expgrad_all": [
    0.047928542375945335
  ]
}