{
  "eps": 0.05,
  "time_expgrad_all": [
    27.994664,
    27.460331,
    27.241551,
    27.146079,
    27.16109,
    27.658787,
    27.223069,
    27.398834,
    27.331447,
    27.582165
  ],
  "train_error_expgrad_all": [
    0.17704171322528683,
    0.17704171322528683,
    0.17704171322528683,
    0.17704171322528683,
    0.17704171322528683,
    0.17704171322528683,
    0.17704171322528683,
    0.17704171322528683,
    0.17704171322528683,
    0.17704171322528683
  ],
  "train_vio_expgrad_all": [
    0.009999999999999482,
    0.009999999999999482,
    0.009999999999999482,
    0.009999999999999482,
    0.009999999999999482,
    0.009999999999999482,
    0.009999999999999482,
    0.009999999999999482,
    0.009999999999999482,
    0.009999999999999482
  ],
  "test_error_expgrad_all": [
    0.17735226502327095,
    0.17735226502327095,
    0.17735226502327095,
    0.17735226502327095,
    0.17735226502327095,
    0.17735226502327095,
    0.17735226502327095,
    0.17735226502327095,
    0.17735226502327095,
    0.17735226502327095
  ],
  "test_vio_expgrad_all": [
    0.005201813351048856,
    0.005201813351048856,
    0.005201813351048856,
    0.005201813351048856,
    0.005201813351048856,
    0.005201813351048856,
    0.005201813351048856,
    0.005201813351048856,
    0.005201813351048856,
    0.005201813351048856
  ]
}