{
  "eps": 0.05,
  "time_expgrad_all": [
    45.482905
  ],
  "train_error_expgrad_all": [
    0.14383257239019479
  ],
  "train_vio_expgrad_all": [
    0.010000000000000009
  ],
  "test_error_expgrad_all": [
    0.14434627657060178
  ],
  "test_vio_expgrad_all": [
    0.012167525844690386
  ]
}