{
  "time_unmitigated": [
    0.091216
  ],
  "train_error_unmitigated": [
    0.022742857142857145
  ],
  "train_vio_unmitigated": [
    0.14440084646997486
  ],
  "test_error_unmitigated": [
    0.0218
  ],
  "test_vio_unmitigated": [
    0.14773896996474312
  ]
}