{
  "time_unmitigated": [
    0.173011
  ],
  "train_error_unmitigated": [
    0.02297142857142857
  ],
  "train_vio_unmitigated": [
    0.14607911933850248
  ],
  "test_error_unmitigated": [
    0.022933333333333333
  ],
  "test_vio_unmitigated": [
    0.13953528306949287
  ]
}