{
  "eps": 0.05,
  "time_expgrad_all": [
    444.198885
  ],
  "train_error_expgrad_all": [
    0.14041825287102244
  ],
  "train_vio_expgrad_all": [
    0.010000000000000009
  ],
  "test_error_expgrad_all": [
    0.14023172570516682
  ],
  "test_vio_expgrad_all": [
    0.009237005007949883
  ]
}