{
  "eps": 0.05,
  "time_expgrad_all": [
    6.302313
  ],
  "train_error_expgrad_all": [
    0.14613489670996058
  ],
  "train_vio_expgrad_all": [
    0.009999999999999953
  ],
  "test_error_expgrad_all": [
    0.1432817923454318
  ],
  "test_vio_expgrad_all": [
    0.007868772275780755
  ]
}