{
  "eps": 0.05,
  "time_expgrad_all": [
    6.364009
  ],
  "train_error_expgrad_all": [
    0.14574938343344715
  ],
  "train_vio_expgrad_all": [
    0.009999999999999953
  ],
  "test_error_expgrad_all": [
    0.14243174104293044
  ],
  "test_vio_expgrad_all": [
    0.008741244320096153
  ]
}