{
  "time_unmitigated": [
    0.008169
  ],
  "train_error_unmitigated": [
    0.043
  ],
  "train_vio_unmitigated": [
    0.14871516367741122
  ],
  "test_error_unmitigated": [
    0.041
  ],
  "test_vio_unmitigated": [
    0.14102020202020205
  ]
}