{
  "time_unmitigated": [
    0.015671
  ],
  "train_error_unmitigated": [
    0.04285714285714286
  ],
  "train_vio_unmitigated": [
    0.1485653664450855
  ],
  "test_error_unmitigated": [
    0.041
  ],
  "test_vio_unmitigated": [
    0.14169360269360276
  ]
}