{
  "time_unmitigated": [
    36.837983
  ],
  "train_error_unmitigated": [
    0.006039857142857143
  ],
  "train_vio_unmitigated": [
    0.14853031061196198
  ],
  "test_error_unmitigated": [
    0.006089666666666667
  ],
  "test_vio_unmitigated": [
    0.14827686096451026
  ]
}