{
  "eps": 0.05,
  "time_expgrad_all": [
    996.1632
  ],
  "train_error_expgrad_all": [
    0.10051870644878741
  ],
  "train_vio_expgrad_all": [
    0.04999999999967142
  ],
  "test_error_expgrad_all": [
    0.10032642298269695
  ],
  "test_vio_expgrad_all": [
    0.049174713364345535
  ]
}