{
  "eps": 0.05,
  "time_expgrad_all": [
    44.914616,
    44.585727,
    48.270225,
    50.492082,
    44.593915,
    49.612488,
    42.893658,
    41.312977,
    45.561829,
    41.330644
  ],
  "error_expgrad_all": [
    0.17491791509599197,
    0.17491791509599197,
    0.17491791509599197,
    0.17491791509599197,
    0.17491791509599197,
    0.17491791509599197,
    0.17491791509599197,
    0.17491791509599197,
    0.17491791509599197,
    0.17491791509599197
  ],
  "vio_expgrad_all": [
    0.009999999999999731,
    0.009999999999999731,
    0.009999999999999731,
    0.009999999999999731,
    0.009999999999999731,
    0.009999999999999731,
    0.009999999999999731,
    0.009999999999999731,
    0.009999999999999731,
    0.009999999999999731
  ]
}