{
  "eps": 0.05,
  "time_expgrad_all": [
    34.717454,
    50.335607,
    33.900767,
    47.797146,
    55.17264,
    50.746114,
    44.34017,
    46.646387,
    48.716576,
    51.460314
  ],
  "train_error_expgrad_all": [
    0.17704171322528683,
    0.17704171322528683,
    0.17704171322528683,
    0.17704171322528683,
    0.17704171322528683,
    0.17704171322528683,
    0.17704171322528683,
    0.17704171322528683,
    0.17704171322528683,
    0.17704171322528683
  ],
  "train_vio_expgrad_all": [
    0.009999999999999482,
    0.009999999999999482,
    0.009999999999999482,
    0.009999999999999482,
    0.009999999999999482,
    0.009999999999999482,
    0.009999999999999482,
    0.009999999999999482,
    0.009999999999999482,
    0.009999999999999482
  ],
  "test_error_expgrad_all": [
    0.17735226502327095,
    0.17735226502327095,
    0.17735226502327095,
    0.17735226502327095,
    0.17735226502327095,
    0.17735226502327095,
    0.17735226502327095,
    0.17735226502327095,
    0.17735226502327095,
    0.17735226502327095
  ],
  "test_vio_expgrad_all": [
    0.005201813351048856,
    0.005201813351048856,
    0.005201813351048856,
    0.005201813351048856,
    0.005201813351048856,
    0.005201813351048856,
    0.005201813351048856,
    0.005201813351048856,
    0.005201813351048856,
    0.005201813351048856
  ]
}