{
  "time_unmitigated": [
    0.560425
  ],
  "error_unmitigated": [
    0.15902459998157303
  ],
  "vio_unmitigated": [
    0.15902459998157303
  ]
}